{"cameraMode":{"drawMode":0,"name":"Shaded","section":"Shading Mode"},"sceneLighting":true,"audioPlay":false,"sceneViewState":{"m_AlwaysRefresh":false,"showFog":true,"showSkybox":true,"showFlares":true,"showImageEffects":true,"showParticleSystems":true,"showVisualEffectGraphs":true,"m_FxEnabled":true},"in2DMode":false,"pivot":{"x":-10.381790161132813,"y":-10.905364036560059,"z":31.80403709411621},"rotation":{"x":-0.3012816607952118,"y":0.039702098816633227,"z":-0.01255915965884924,"w":-0.9526311755180359},"size":36.01512145996094,"orthographic":false}